{"current_program_scene":"---Train","current_scene":"---Train","current_transition":"Fade","groups":[],"modules":{"auto-scene-switcher":{"active":false,"interval":300,"non_matching_scene":"","switch_if_not_matching":false,"switches":[]},"captions":{"enabled":false,"lang_id":1033,"provider":"mssapi","source":""},"copyTransformHotkey":[],"decklink_captions":{"source":""},"output-timer":{"autoStartRecordTimer":false,"autoStartStreamTimer":false,"pauseRecordTimer":false,"recordTimerHours":0,"recordTimerMinutes":0,"recordTimerSeconds":0,"streamTimerHours":0,"streamTimerMinutes":0,"streamTimerSeconds":0},"pasteTransformHotkey":[],"scripts-tool":[],"transition-table":{"disable_hotkey":[],"enable_hotkey":[],"transitions":[]}},"name":"Train","preview_locked":false,"quick_transitions":[],"saved_projectors":[],"scaling_enabled":false,"scaling_level":0,"scaling_off_x":0.0,"scaling_off_y":0.0,"scene_order":[{"name":"Live Play - sitting"},{"name":"---Train"}],"sources":[{"balance":0.5,"deinterlace_field_order":0,"deinterlace_mode":0,"enabled":true,"flags":0,"hotkeys":{},"id":"text_gdiplus","mixers":0,"monitoring_type":0,"muted":false,"name":"HypeTrainTXT","prev_ver":453050371,"private_settings":{},"push-to-mute":false,"push-to-mute-delay":0,"push-to-talk":false,"push-to-talk-delay":0,"settings":{"align":"left","antialiasing":true,"bk_color":0,"bk_opacity":0,"chatlog_lines":6,"color":4278245375,"extents_cx":100,"extents_cy":100,"extents_wrap":true,"font":{"face":"Nunito ExtraBold","flags":3,"size":150,"style":"Italic"},"gradient_color":16777215,"gradient_dir":90,"gradient_opacity":100,"opacity":100,"outline":true,"outline_color":4285822068,"outline_opacity":100,"outline_size":11,"text":"Hype Train ! ! !","transform":0,"valign":"top"},"sync":0,"versioned_id":"text_gdiplus_v2","volume":1.0},{"balance":0.5,"deinterlace_field_order":0,"deinterlace_mode":0,"enabled":true,"flags":0,"hotkeys":{"MediaSource.Pause":[],"MediaSource.Play":[],"MediaSource.Restart":[],"MediaSource.Stop":[],"libobs.mute":[],"libobs.push-to-mute":[],"libobs.push-to-talk":[],"libobs.unmute":[]},"id":"ffmpeg_source","mixers":255,"monitoring_type":0,"muted":false,"name":"Cart5","prev_ver":453050371,"private_settings":{},"push-to-mute":false,"push-to-mute-delay":0,"push-to-talk":false,"push-to-talk-delay":0,"settings":{"buffering_mb":2,"clear_on_media_end":false,"close_when_inactive":true,"is_local_file":true,"linear_alpha":false,"local_file":"C:/Train/graphics/cart_num5.gif","looping":true,"reconnect_delay_sec":10,"restart_on_activate":true,"speed_percent":100},"sync":0,"versioned_id":"ffmpeg_source","volume":1.0},{"balance":0.5,"deinterlace_field_order":0,"deinterlace_mode":0,"enabled":true,"flags":0,"hotkeys":{"MediaSource.Pause":[],"MediaSource.Play":[],"MediaSource.Restart":[],"MediaSource.Stop":[],"libobs.mute":[],"libobs.push-to-mute":[],"libobs.push-to-talk":[],"libobs.unmute":[]},"id":"ffmpeg_source","mixers":255,"monitoring_type":0,"muted":false,"name":"Cart4","prev_ver":453050371,"private_settings":{},"push-to-mute":false,"push-to-mute-delay":0,"push-to-talk":false,"push-to-talk-delay":0,"settings":{"clear_on_media_end":false,"close_when_inactive":true,"local_file":"C:/Train/graphics/cart_num4.gif","looping":true,"restart_on_activate":true},"sync":0,"versioned_id":"ffmpeg_source","volume":1.0},{"balance":0.5,"deinterlace_field_order":0,"deinterlace_mode":0,"enabled":true,"flags":0,"hotkeys":{"MediaSource.Pause":[],"MediaSource.Play":[],"MediaSource.Restart":[],"MediaSource.Stop":[],"libobs.mute":[],"libobs.push-to-mute":[],"libobs.push-to-talk":[],"libobs.unmute":[]},"id":"ffmpeg_source","mixers":255,"monitoring_type":0,"muted":false,"name":"Cart3","prev_ver":453050371,"private_settings":{},"push-to-mute":false,"push-to-mute-delay":0,"push-to-talk":false,"push-to-talk-delay":0,"settings":{"clear_on_media_end":false,"close_when_inactive":true,"local_file":"C:/Train/graphics/cart_num3.gif","looping":true,"restart_on_activate":true},"sync":0,"versioned_id":"ffmpeg_source","volume":1.0},{"balance":0.5,"deinterlace_field_order":0,"deinterlace_mode":0,"enabled":true,"flags":0,"hotkeys":{"MediaSource.Pause":[],"MediaSource.Play":[],"MediaSource.Restart":[],"MediaSource.Stop":[],"libobs.mute":[],"libobs.push-to-mute":[],"libobs.push-to-talk":[],"libobs.unmute":[]},"id":"ffmpeg_source","mixers":255,"monitoring_type":0,"muted":false,"name":"Cart2","prev_ver":453050371,"private_settings":{},"push-to-mute":false,"push-to-mute-delay":0,"push-to-talk":false,"push-to-talk-delay":0,"settings":{"clear_on_media_end":false,"close_when_inactive":true,"local_file":"C:/Train/graphics/cart_num2.gif","looping":true,"restart_on_activate":true},"sync":0,"versioned_id":"ffmpeg_source","volume":1.0},{"balance":0.5,"deinterlace_field_order":0,"deinterlace_mode":0,"enabled":true,"flags":0,"hotkeys":{"MediaSource.Pause":[],"MediaSource.Play":[],"MediaSource.Restart":[],"MediaSource.Stop":[],"libobs.mute":[],"libobs.push-to-mute":[],"libobs.push-to-talk":[],"libobs.unmute":[]},"id":"ffmpeg_source","mixers":255,"monitoring_type":0,"muted":false,"name":"Train1","prev_ver":453050371,"private_settings":{},"push-to-mute":false,"push-to-mute-delay":0,"push-to-talk":false,"push-to-talk-delay":0,"settings":{"clear_on_media_end":false,"close_when_inactive":true,"local_file":"C:/Train/graphics/Train1.gif","looping":true},"sync":0,"versioned_id":"ffmpeg_source","volume":1.0},{"balance":0.5,"deinterlace_field_order":0,"deinterlace_mode":0,"enabled":true,"filters":[{"balance":0.5,"deinterlace_field_order":0,"deinterlace_mode":0,"enabled":false,"flags":0,"hotkeys":{},"id":"move_source_filter","mixers":0,"monitoring_type":0,"muted":false,"name":"Train Text Out","prev_ver":453050371,"private_settings":{},"push-to-mute":false,"push-to-mute-delay":0,"push-to-talk":false,"push-to-talk-delay":0,"settings":{"bounds":{"x":0,"x_sign":" ","y":0,"y_sign":" "},"crop":{"bottom":0.0,"bottom_sign":" ","left":0.0,"left_sign":" ","right":0.0,"right_sign":" ","top":0.0,"top_sign":" "},"pos":{"x":-773.0,"x_sign":" ","y":698.0,"y_sign":" "},"rot":0.0,"rot_sign":" ","scale":{"x":1.0,"x_sign":" ","y":1.0,"y_sign":" "},"source":"HypeTrainTXT","transform_text":"pos: x -773.0 y 698.0 rot: 0.0 scale: x 1.000 y 1.000 crop: l 0 t 0 r 0 b 0"},"sync":0,"versioned_id":"move_source_filter","volume":1.0},{"balance":0.5,"deinterlace_field_order":0,"deinterlace_mode":0,"enabled":false,"flags":0,"hotkeys":{},"id":"move_source_filter","mixers":0,"monitoring_type":0,"muted":false,"name":"Train Text Reset","prev_ver":453050371,"private_settings":{},"push-to-mute":false,"push-to-mute-delay":0,"push-to-talk":false,"push-to-talk-delay":0,"settings":{"bounds":{"x":0,"x_sign":" ","y":0,"y_sign":" "},"crop":{"bottom":0.0,"bottom_sign":" ","left":0.0,"left_sign":" ","right":0.0,"right_sign":" ","top":0.0,"top_sign":" "},"pos":{"x":124.0,"x_sign":" ","y":698.0,"y_sign":" "},"rot":0.0,"rot_sign":" ","scale":{"x":1.0,"x_sign":" ","y":1.0,"y_sign":" "},"source":"HypeTrainTXT","transform_text":"pos: x 124.0 y 698.0 rot: 0.0 scale: x 1.000 y 1.000 crop: l 0 t 0 r 0 b 0"},"sync":0,"versioned_id":"move_source_filter","volume":1.0},{"balance":0.5,"deinterlace_field_order":0,"deinterlace_mode":0,"enabled":false,"flags":0,"hotkeys":{},"id":"move_source_filter","mixers":0,"monitoring_type":0,"muted":false,"name":"Cart2 Link","prev_ver":453050371,"private_settings":{},"push-to-mute":false,"push-to-mute-delay":0,"push-to-talk":false,"push-to-talk-delay":0,"settings":{"bounds":{"x":0,"x_sign":" ","y":0,"y_sign":" "},"crop":{"bottom":0.0,"bottom_sign":" ","left":0.0,"left_sign":" ","right":0.0,"right_sign":" ","top":0.0,"top_sign":" "},"duration":1000,"pos":{"x":530.0,"x_sign":" ","y":876.0,"y_sign":" "},"rot":0.0,"rot_sign":" ","scale":{"x":1.0,"x_sign":" ","y":1.0,"y_sign":" "},"source":"Cart2","transform_text":"pos: x 530.0 y 876.0 rot: 0.0 scale: x 1.000 y 1.000 crop: l 0 t 0 r 0 b 0"},"sync":0,"versioned_id":"move_source_filter","volume":1.0},{"balance":0.5,"deinterlace_field_order":0,"deinterlace_mode":0,"enabled":false,"flags":0,"hotkeys":{},"id":"move_source_filter","mixers":0,"monitoring_type":0,"muted":false,"name":"Cart2 Back","prev_ver":453050371,"private_settings":{},"push-to-mute":false,"push-to-mute-delay":0,"push-to-talk":false,"push-to-talk-delay":0,"settings":{"bounds":{"x":0,"x_sign":" ","y":0,"y_sign":" "},"crop":{"bottom":0.0,"bottom_sign":" ","left":0.0,"left_sign":" ","right":0.0,"right_sign":" ","top":0.0,"top_sign":" "},"pos":{"x":1935.0,"x_sign":" ","y":876.0,"y_sign":" "},"rot":0.0,"rot_sign":" ","scale":{"x":1.0,"x_sign":" ","y":1.0,"y_sign":" "},"source":"Cart2","transform_text":"pos: x 1935.0 y 876.0 rot: 0.0 scale: x 1.000 y 1.000 crop: l 0 t 0 r 0 b 0"},"sync":0,"versioned_id":"move_source_filter","volume":1.0},{"balance":0.5,"deinterlace_field_order":0,"deinterlace_mode":0,"enabled":false,"flags":0,"hotkeys":{},"id":"move_source_filter","mixers":0,"monitoring_type":0,"muted":false,"name":"Cart3 Link","prev_ver":453050371,"private_settings":{},"push-to-mute":false,"push-to-mute-delay":0,"push-to-talk":false,"push-to-talk-delay":0,"settings":{"bounds":{"x":0,"x_sign":" ","y":0,"y_sign":" "},"crop":{"bottom":0.0,"bottom_sign":" ","left":0.0,"left_sign":" ","right":0.0,"right_sign":" ","top":0.0,"top_sign":" "},"duration":800,"pos":{"x":800.0,"x_sign":" ","y":876.0,"y_sign":" "},"rot":0.0,"rot_sign":" ","scale":{"x":1.0,"x_sign":" ","y":1.0,"y_sign":" "},"source":"Cart3","transform_text":"pos: x 800.0 y 876.0 rot: 0.0 scale: x 1.000 y 1.000 crop: l 0 t 0 r 0 b 0"},"sync":0,"versioned_id":"move_source_filter","volume":1.0},{"balance":0.5,"deinterlace_field_order":0,"deinterlace_mode":0,"enabled":false,"flags":0,"hotkeys":{},"id":"move_source_filter","mixers":0,"monitoring_type":0,"muted":false,"name":"Cart3 Back","prev_ver":453050371,"private_settings":{},"push-to-mute":false,"push-to-mute-delay":0,"push-to-talk":false,"push-to-talk-delay":0,"settings":{"bounds":{"x":0,"x_sign":" ","y":0,"y_sign":" "},"crop":{"bottom":0,"bottom_sign":" ","left":0,"left_sign":" ","right":0,"right_sign":" ","top":0,"top_sign":" "},"pos":{"x":1935,"x_sign":" ","y":876,"y_sign":" "},"rot":0,"rot_sign":" ","scale":{"x":1,"x_sign":" ","y":1,"y_sign":" "},"source":"Cart3","transform_text":"pos: x 1935.0 y 876.0 rot: 0.0 scale: x 1.000 y 1.000 crop: l 0 t 0 r 0 b 0"},"sync":0,"versioned_id":"move_source_filter","volume":1.0},{"balance":0.5,"deinterlace_field_order":0,"deinterlace_mode":0,"enabled":false,"flags":0,"hotkeys":{},"id":"move_source_filter","mixers":0,"monitoring_type":0,"muted":false,"name":"Cart4 Link","prev_ver":453050371,"private_settings":{},"push-to-mute":false,"push-to-mute-delay":0,"push-to-talk":false,"push-to-talk-delay":0,"settings":{"bounds":{"x":0,"x_sign":" ","y":0,"y_sign":" "},"crop":{"bottom":0.0,"bottom_sign":" ","left":0.0,"left_sign":" ","right":0.0,"right_sign":" ","top":0.0,"top_sign":" "},"duration":600,"pos":{"x":1070.0,"x_sign":" ","y":876.0,"y_sign":" "},"rot":0.0,"rot_sign":" ","scale":{"x":1.0,"x_sign":" ","y":1.0,"y_sign":" "},"source":"Cart4","transform_text":"pos: x 1070.0 y 876.0 rot: 0.0 scale: x 1.000 y 1.000 crop: l 0 t 0 r 0 b 0"},"sync":0,"versioned_id":"move_source_filter","volume":1.0},{"balance":0.5,"deinterlace_field_order":0,"deinterlace_mode":0,"enabled":false,"flags":0,"hotkeys":{},"id":"move_source_filter","mixers":0,"monitoring_type":0,"muted":false,"name":"Cart4 Back","prev_ver":453050371,"private_settings":{},"push-to-mute":false,"push-to-mute-delay":0,"push-to-talk":false,"push-to-talk-delay":0,"settings":{"bounds":{"x":0,"x_sign":" ","y":0,"y_sign":" "},"crop":{"bottom":0,"bottom_sign":" ","left":0,"left_sign":" ","right":0,"right_sign":" ","top":0,"top_sign":" "},"pos":{"x":1935,"x_sign":" ","y":876,"y_sign":" "},"rot":0,"rot_sign":" ","scale":{"x":1,"x_sign":" ","y":1,"y_sign":" "},"source":"Cart4","transform_text":"pos: x 1935.0 y 876.0 rot: 0.0 scale: x 1.000 y 1.000 crop: l 0 t 0 r 0 b 0"},"sync":0,"versioned_id":"move_source_filter","volume":1.0},{"balance":0.5,"deinterlace_field_order":0,"deinterlace_mode":0,"enabled":false,"flags":0,"hotkeys":{},"id":"move_source_filter","mixers":0,"monitoring_type":0,"muted":false,"name":"Cart5 Link","prev_ver":453050371,"private_settings":{},"push-to-mute":false,"push-to-mute-delay":0,"push-to-talk":false,"push-to-talk-delay":0,"settings":{"bounds":{"x":0,"x_sign":" ","y":0,"y_sign":" "},"crop":{"bottom":0.0,"bottom_sign":" ","left":0.0,"left_sign":" ","right":0.0,"right_sign":" ","top":0.0,"top_sign":" "},"duration":500,"pos":{"x":1340.0,"x_sign":" ","y":876.0,"y_sign":" "},"rot":0.0,"rot_sign":" ","scale":{"x":1.0,"x_sign":" ","y":1.0,"y_sign":" "},"source":"Cart5","transform_text":"pos: x 1340.0 y 876.0 rot: 0.0 scale: x 1.000 y 1.000 crop: l 0 t 0 r 0 b 0"},"sync":0,"versioned_id":"move_source_filter","volume":1.0},{"balance":0.5,"deinterlace_field_order":0,"deinterlace_mode":0,"enabled":false,"flags":0,"hotkeys":{},"id":"move_source_filter","mixers":0,"monitoring_type":0,"muted":false,"name":"Cart5 Back","prev_ver":453050371,"private_settings":{},"push-to-mute":false,"push-to-mute-delay":0,"push-to-talk":false,"push-to-talk-delay":0,"settings":{"bounds":{"x":0,"x_sign":" ","y":0,"y_sign":" "},"crop":{"bottom":0.0,"bottom_sign":" ","left":0.0,"left_sign":" ","right":0.0,"right_sign":" ","top":0.0,"top_sign":" "},"duration":400,"pos":{"x":1935.0,"x_sign":" ","y":876.0,"y_sign":" "},"rot":0.0,"rot_sign":" ","scale":{"x":1.0,"x_sign":" ","y":1.0,"y_sign":" "},"source":"Cart5","transform_text":"pos: x 1935.0 y 876.0 rot: 0.0 scale: x 1.000 y 1.000 crop: l 0 t 0 r 0 b 0"},"sync":0,"versioned_id":"move_source_filter","volume":1.0}],"flags":0,"hotkeys":{"Cart2 Back":[],"Cart2 Link":[],"Cart3 Back":[],"Cart3 Link":[],"Cart4 Back":[],"Cart4 Link":[],"Cart5 Back":[],"Cart5 Link":[],"OBSBasic.SelectScene":[],"Train Text Out":[],"Train Text Reset":[],"libobs.hide_scene_item.Cart2":[],"libobs.hide_scene_item.Cart3":[],"libobs.hide_scene_item.Cart4":[],"libobs.hide_scene_item.Cart5":[],"libobs.hide_scene_item.HypeTrainTXT":[],"libobs.hide_scene_item.Train1":[],"libobs.show_scene_item.Cart2":[],"libobs.show_scene_item.Cart3":[],"libobs.show_scene_item.Cart4":[],"libobs.show_scene_item.Cart5":[],"libobs.show_scene_item.HypeTrainTXT":[],"libobs.show_scene_item.Train1":[]},"id":"scene","mixers":0,"monitoring_type":0,"muted":false,"name":"---Train","prev_ver":453050371,"private_settings":{},"push-to-mute":false,"push-to-mute-delay":0,"push-to-talk":false,"push-to-talk-delay":0,"settings":{"custom_size":false,"id_counter":6,"items":[{"align":5,"bounds":{"x":0.0,"y":0.0},"bounds_align":0,"bounds_type":0,"crop_bottom":0,"crop_left":0,"crop_right":0,"crop_top":0,"group_item_backup":false,"hide_transition":{"duration":0},"id":1,"locked":true,"name":"Train1","pos":{"x":96.0,"y":858.0},"private_settings":{},"rot":0.0,"scale":{"x":1.0,"y":1.0},"scale_filter":"disable","show_transition":{"duration":0},"visible":false},{"align":5,"bounds":{"x":0.0,"y":0.0},"bounds_align":0,"bounds_type":0,"crop_bottom":0,"crop_left":0,"crop_right":0,"crop_top":0,"group_item_backup":false,"hide_transition":{"duration":0},"id":2,"locked":true,"name":"Cart2","pos":{"x":1935.0,"y":876.0},"private_settings":{},"rot":0.0,"scale":{"x":1.0,"y":1.0},"scale_filter":"disable","show_transition":{"duration":0},"visible":false},{"align":5,"bounds":{"x":0.0,"y":0.0},"bounds_align":0,"bounds_type":0,"crop_bottom":0,"crop_left":0,"crop_right":0,"crop_top":0,"group_item_backup":false,"hide_transition":{"duration":0},"id":3,"locked":true,"name":"Cart3","pos":{"x":1935.0,"y":876.0},"private_settings":{},"rot":0.0,"scale":{"x":1.0,"y":1.0},"scale_filter":"disable","show_transition":{"duration":0},"visible":false},{"align":5,"bounds":{"x":0.0,"y":0.0},"bounds_align":0,"bounds_type":0,"crop_bottom":0,"crop_left":0,"crop_right":0,"crop_top":0,"group_item_backup":false,"hide_transition":{"duration":0},"id":4,"locked":true,"name":"Cart4","pos":{"x":1935.0,"y":876.0},"private_settings":{},"rot":0.0,"scale":{"x":1.0,"y":1.0},"scale_filter":"disable","show_transition":{"duration":0},"visible":false},{"align":5,"bounds":{"x":0.0,"y":0.0},"bounds_align":0,"bounds_type":0,"crop_bottom":0,"crop_left":0,"crop_right":0,"crop_top":0,"group_item_backup":false,"hide_transition":{"duration":0},"id":5,"locked":true,"name":"Cart5","pos":{"x":1935.0,"y":876.0},"private_settings":{},"rot":0.0,"scale":{"x":1.0,"y":1.0},"scale_filter":"disable","show_transition":{"duration":0},"visible":false},{"align":5,"bounds":{"x":0.0,"y":0.0},"bounds_align":0,"bounds_type":0,"crop_bottom":0,"crop_left":0,"crop_right":0,"crop_top":0,"group_item_backup":false,"hide_transition":{"duration":0},"id":6,"locked":true,"name":"HypeTrainTXT","pos":{"x":124.0,"y":698.0},"private_settings":{},"rot":0.0,"scale":{"x":1.0,"y":1.0},"scale_filter":"disable","show_transition":{"duration":0},"visible":true}]},"sync":0,"versioned_id":"scene","volume":1.0},{"balance":0.5,"deinterlace_field_order":0,"deinterlace_mode":0,"enabled":true,"filters":[{"balance":0.5,"deinterlace_field_order":0,"deinterlace_mode":0,"enabled":false,"flags":0,"hotkeys":{},"id":"move_source_filter","mixers":0,"monitoring_type":0,"muted":false,"name":"Train Leave","prev_ver":453050371,"private_settings":{},"push-to-mute":false,"push-to-mute-delay":0,"push-to-talk":false,"push-to-talk-delay":0,"settings":{"bounds":{"x":0,"x_sign":" ","y":0,"y_sign":" "},"crop":{"bottom":0.0,"bottom_sign":" ","left":0.0,"left_sign":" ","right":0.0,"right_sign":" ","top":0.0,"top_sign":" "},"duration":5000,"pos":{"x":-1706.0,"x_sign":" ","y":-33.0,"y_sign":" "},"rot":0.0,"rot_sign":" ","scale":{"x":1.0,"x_sign":" ","y":1.0,"y_sign":" "},"source":"---Train","transform_text":"pos: x -1706.0 y -33.0 rot: 0.0 scale: x 1.000 y 1.000 crop: l 0 t 0 r 0 b 0"},"sync":0,"versioned_id":"move_source_filter","volume":1.0},{"balance":0.5,"deinterlace_field_order":0,"deinterlace_mode":0,"enabled":false,"flags":0,"hotkeys":{},"id":"move_source_filter","mixers":0,"monitoring_type":0,"muted":false,"name":"Train Reset","prev_ver":453050371,"private_settings":{},"push-to-mute":false,"push-to-mute-delay":0,"push-to-talk":false,"push-to-talk-delay":0,"settings":{"bounds":{"x":0,"x_sign":" ","y":0,"y_sign":" "},"crop":{"bottom":0,"bottom_sign":" ","left":0,"left_sign":" ","right":0,"right_sign":" ","top":0,"top_sign":" "},"easing_match":0,"pos":{"x":1880,"x_sign":" ","y":-33,"y_sign":" "},"rot":0,"rot_sign":" ","scale":{"x":1,"x_sign":" ","y":1,"y_sign":" "},"source":"---Train","transform_text":"pos: x 1880.0 y -33.0 rot: 0.0 scale: x 1.000 y 1.000 crop: l 0 t 0 r 0 b 0"},"sync":0,"versioned_id":"move_source_filter","volume":1.0},{"balance":0.5,"deinterlace_field_order":0,"deinterlace_mode":0,"enabled":false,"flags":0,"hotkeys":{},"id":"move_source_filter","mixers":0,"monitoring_type":0,"muted":false,"name":"Train Arrive","prev_ver":453050371,"private_settings":{},"push-to-mute":false,"push-to-mute-delay":0,"push-to-talk":false,"push-to-talk-delay":0,"settings":{"bounds":{"x":0,"x_sign":" ","y":0,"y_sign":" "},"crop":{"bottom":0,"bottom_sign":" ","left":0,"left_sign":" ","right":0,"right_sign":" ","top":0,"top_sign":" "},"duration":5000,"pos":{"x":0,"x_sign":" ","y":-33,"y_sign":" "},"rot":0,"rot_sign":" ","scale":{"x":1,"x_sign":" ","y":1,"y_sign":" "},"source":"---Train","transform_text":"pos: x 0.0 y -33.0 rot: 0.0 scale: x 1.000 y 1.000 crop: l 0 t 0 r 0 b 0"},"sync":0,"versioned_id":"move_source_filter","volume":1.0},{"balance":0.5,"deinterlace_field_order":0,"deinterlace_mode":0,"enabled":false,"flags":0,"hotkeys":{},"id":"move_source_filter","mixers":0,"monitoring_type":0,"muted":false,"name":"Train JoltedTo","prev_ver":453050371,"private_settings":{},"push-to-mute":false,"push-to-mute-delay":0,"push-to-talk":false,"push-to-talk-delay":0,"settings":{"bounds":{"x":0,"x_sign":" ","y":0,"y_sign":" "},"crop":{"bottom":0,"bottom_sign":" ","left":0,"left_sign":" ","right":0,"right_sign":" ","top":0,"top_sign":" "},"curve_match":-1.28,"duration":500,"easing_function_match":8,"pos":{"x":-11,"x_sign":" ","y":-33,"y_sign":" "},"rot":0,"rot_sign":" ","scale":{"x":1,"x_sign":" ","y":1,"y_sign":" "},"source":"---Train","transform_text":"pos: x -11.0 y -33.0 rot: 0.0 scale: x 1.000 y 1.000 crop: l 0 t 0 r 0 b 0"},"sync":0,"versioned_id":"move_source_filter","volume":1.0}],"flags":0,"hotkeys":{"OBSBasic.SelectScene":[],"Train Arrive":[],"Train JoltedTo":[],"Train Leave":[],"Train Reset":[],"libobs.hide_scene_item.---Train":[],"libobs.hide_scene_item.Display Capture":[],"libobs.show_scene_item.---Train":[],"libobs.show_scene_item.Display Capture":[]},"id":"scene","mixers":0,"monitoring_type":0,"muted":false,"name":"Live Play - sitting","prev_ver":453050371,"private_settings":{"transition_duration":750},"push-to-mute":false,"push-to-mute-delay":0,"push-to-talk":false,"push-to-talk-delay":0,"settings":{"custom_size":false,"id_counter":81,"items":[{"align":0,"bounds":{"x":1920.0,"y":1080.0},"bounds_align":0,"bounds_type":1,"crop_bottom":0,"crop_left":0,"crop_right":0,"crop_top":0,"group_item_backup":false,"hide_transition":{"duration":0},"id":1,"locked":true,"name":"Display Capture","pos":{"x":960.0,"y":540.0},"private_settings":{},"rot":0.0,"scale":{"x":1.0,"y":1.0},"scale_filter":"disable","show_transition":{"duration":0},"visible":true},{"align":5,"bounds":{"x":0.0,"y":0.0},"bounds_align":0,"bounds_type":0,"crop_bottom":0,"crop_left":0,"crop_right":0,"crop_top":0,"group_item_backup":false,"hide_transition":{"duration":0},"id":74,"locked":true,"name":"---Train","pos":{"x":1880.0,"y":-33.0},"private_settings":{},"rot":0.0,"scale":{"x":1.0,"y":1.0},"scale_filter":"disable","show_transition":{"duration":0},"visible":false}]},"sync":0,"versioned_id":"scene","volume":1.0},{"balance":0.5,"deinterlace_field_order":0,"deinterlace_mode":0,"enabled":true,"filters":[{"balance":0.5,"deinterlace_field_order":0,"deinterlace_mode":0,"enabled":true,"flags":0,"hotkeys":{},"id":"crop_filter","mixers":0,"monitoring_type":0,"muted":false,"name":"ZoomCrop","prev_ver":453050371,"private_settings":{},"push-to-mute":false,"push-to-mute-delay":0,"push-to-talk":false,"push-to-talk-delay":0,"settings":{"cx":1920,"cy":1080,"left":0,"relative":false,"top":0},"sync":0,"versioned_id":"crop_filter","volume":1.0}],"flags":0,"hotkeys":{},"id":"monitor_capture","mixers":0,"monitoring_type":0,"muted":false,"name":"Display Capture","prev_ver":453050371,"private_settings":{},"push-to-mute":false,"push-to-mute-delay":0,"push-to-talk":false,"push-to-talk-delay":0,"settings":{"capture_cursor":false,"method":0,"monitor":0,"monitor_wgc":0},"sync":0,"versioned_id":"monitor_capture","volume":1.0}],"transition_duration":300,"transitions":[]}